{
  "mains": [
    {
      "id": "27f6",
      "task": "gym",
      "time": "17:37",
      "date": "2024-06-05",
      "prioritize": "Cao",
      "desc": ""
    },
    {
      "task": "anh quang an cut",
      "time": "10:38",
      "date": "2024-06-21",
      "prioritize": "Trung Bình",
      "desc": "an cut",
      "id": "84d6"
    },
    {
      "id": "39d2",
      "task": "dohomework",
      "time": "05:43",
      "date": "2024-06-05",
      "prioritize": "Trung Bình",
      "desc": "dsadas"
    },
    {
      "id": "87cc",
      "task": "eat",
      "time": "05:42",
      "date": "2024-06-05",
      "prioritize": "Thấp",
      "desc": "dasdadsa"
    }
  ]
}